{"train_loss_step": 0.1260511726140976, "train_lam_class_step": 1.0, "train_mil_loss_step": 0.12302865833044052, "train_classification_accuracy_step": 1.0, "train_lam_topo_step": 0.0005000000237487257, "train_topo_loss_step": 6.04503059387207, "epoch": 4, "trainer/global_step": 3349, "_timestamp": 1712416719.531815, "_runtime": 2745.045454978943, "_step": 74, "val_loss": 0.29644307494163513, "val_lam_class": 1.0, "val_mil_loss": 0.2898407280445099, "val_classification_accuracy": 0.9049999713897705, "val_lam_topo": 0.0005000005476176739, "val_topo_loss": 13.204684257507324, "val_f1_macro": 0.9035655856132507, "train_loss_epoch": 0.2693026661872864, "train_lam_class_epoch": 1.0, "train_mil_loss_epoch": 0.2632874548435211, "train_classification_accuracy_epoch": 0.9225000143051147, "train_lam_topo_epoch": 0.000499995774589479, "train_topo_loss_epoch": 12.030041694641113}