{"train_loss_step": 1.409322738647461, "train_lam_class_step": 1.0, "train_mil_loss_step": 1.3967492580413818, "train_classification_accuracy_step": 0.0, "train_lam_topo_step": 0.0005000000237487257, "train_topo_loss_step": 25.146860122680664, "epoch": 0, "trainer/global_step": 49, "_timestamp": 1712410240.3162718, "_runtime": 56.684255838394165, "_step": 0, "_wandb": {"runtime": 76}}