{"train_loss_step": 0.7548520565032959, "train_lam_class_step": 1.0, "train_mil_loss_step": 0.7478721737861633, "train_classification_accuracy_step": 1.0, "train_lam_topo_step": 0.0005000000237487257, "train_topo_loss_step": 13.959809303283691, "epoch": 0, "trainer/global_step": 599, "_timestamp": 1712417306.1629875, "_runtime": 358.4924535751343, "_step": 11, "_wandb": {"runtime": 358}}